STT,lop,gioitinh,hocluc,thaido,B.1.1,B1.2,B1.3,B1.4,B1.5,B2.1,B2.2,B2.3,B2.4,B3.1,B3.2,B3.3,C1.1.1,C1.1.2,C1.1.3,C1.1.4,C1.2.1,C1.2.2,C1.2.3,C1.2.4,C1.3.1,C1.3.2,C1.3.3,C1.3.4,C1.4.1,C1.4.2,C1.4.3,C1.4.4,C1.5.1,C1.5.2,C1.5.3,C1.5.4,C2.1.1,C2.1.2,C2.1.3,C2.1.4,C2.2.1,C2.2.2,C2.2.3,C2.2.4,C2.3.1,C2.3.2,C2.3.3,C2.3.4,C3.1.1,C3.1.2,C3.1.3,C3.1.4,C3.2.1,C3.2.2,C3.2.3,C3.2.4,C3.3.1,C3.3.2,C3.3.3,C3.3.4,C3.4.1,C3.4.2,C3.4.3,C3.4.4,C3.5.1,C3.5.2,C3.5.3,C3.5.4,C3.6.1,C3.6.2,C3.6.3,C3.6.4,C1,C2,C3
1,4,2,3,1,2,3,3,3,2,2,2,2,2,2,2,2,3,3,3,3,3,3,3,3,4,4,4,4,3,3,3,3,2,2,2,2,2,2,4,2,2,3,3,4,3,4,4,3,2,3,2,3,2,3,3,3,3,4,3,4,3,3,3,4,3,4,4,4,4,5,4,5,3,3,3.375
2,1,2,3,1,3,3,3,3,3,4,3,4,3,2,1,2,3,3,2,3,3,2,2,2,3,4,5,4,4,4,4,4,2,2,3,3,2,2,3,2,1,3,4,3,4,4,5,5,3,3,3,3,4,3,3,2,3,4,3,2,4,4,4,4,4,3,4,4,4,4,4,4,3.1,3.16666666666667,3.45833333333333
3,1,2,3,1,3,4,4,4,3,3,3,4,3,2,2,2,2,2,2,2,3,3,3,3,3,3,2,3,5,5,5,3,3,4,4,4,3,3,3,3,3,3,4,3,4,4,3,3,2,3,3,3,3,2,2,2,3,4,4,4,4,2,4,4,4,4,3,4,3,4,5,5,3.2,3.25,3.375
4,1,2,3,2,3,4,3,3,3,2,2,2,3,2,2,2,3,3,3,3,2,2,3,3,3,2,3,2,2,3,2,2,2,3,2,2,4,4,4,4,2,3,2,3,3,4,3,3,3,3,3,4,2,3,4,4,3,3,4,3,3,3,3,3,5,3,4,4,2,4,3,4,2.5,3.25,3.33333333333333
5,1,2,2,1,4,4,3,4,4,3,3,4,3,2,2,2,2,2,1,2,1,1,1,1,2,2,3,3,5,5,3,5,3,3,3,3,4,4,4,4,5,5,5,5,2,3,3,3,3,3,2,4,3,2,4,3,4,4,4,4,4,4,4,2,4,3,4,3,1,2,2,3,2.55,3.91666666666667,3.16666666666667
6,2,1,3,1,2,2,4,2,3,4,4,3,4,3,3,3,1,2,1,2,1,2,2,2,3,3,3,3,4,4,4,4,1,2,1,2,3,3,3,3,4,4,4,4,4,4,4,4,3,3,3,3,3,3,4,4,2,3,3,3,3,3,4,4,3,3,4,5,3,4,3,3,2.35,3.66666666666667,3.29166666666667
7,2,1,4,1,2,2,2,2,3,2,3,3,3,3,2,3,4,4,4,3,1,1,1,1,5,4,4,4,3,3,3,3,2,3,3,3,3,3,4,3,2,2,2,3,3,3,3,2,3,3,3,3,3,2,4,3,2,3,3,3,4,4,4,4,4,2,2,4,3,4,3,3,2.95,2.75,3.16666666666667
8,3,2,3,1,3,3,3,3,2,2,3,3,3,4,3,3,3,3,3,3,1,3,2,2,5,4,4,4,3,3,3,3,3,3,3,3,3,3,4,3,3,3,2,3,4,4,4,4,4,4,4,3,3,2,4,3,4,4,4,4,4,5,5,4,4,5,4,5,5,5,3,3,3.05,3.33333333333333,3.95833333333333
9,1,1,4,2,2,3,2,2,3,3,2,4,4,4,3,4,2,2,2,2,3,2,2,3,3,4,3,4,3,2,2,2,4,4,4,4,4,4,4,4,3,4,3,3,5,5,4,4,3,3,4,4,2,3,2,3,4,4,4,4,3,4,3,4,4,4,4,4,3,3,3,3,2.85,3.91666666666667,3.41666666666667
10,3,1,3,1,3,2,2,4,3,2,4,4,4,4,2,3,1,2,2,2,2,2,2,2,3,4,3,3,3,3,3,3,2,2,4,2,3,3,3,3,3,3,2,3,3,3,3,3,3,3,3,3,3,3,1,3,4,5,5,5,3,4,4,4,3,3,2,3,1,1,2,2,2.5,2.91666666666667,3.04166666666667
11,3,2,3,1,3,3,3,3,3,3,3,3,3,2,2,2,2,2,2,2,3,2,2,3,3,4,4,3,3,3,3,3,2,3,3,2,3,3,3,3,3,3,2,2,4,4,4,5,3,2,4,4,1,2,2,3,4,4,4,4,4,2,4,4,3,3,3,4,4,3,3,2,2.7,3.25,3.16666666666667
12,3,2,4,1,4,3,3,3,3,4,4,3,3,2,2,2,1,1,2,2,2,2,2,2,3,3,3,3,3,2,2,1,2,3,2,3,3,2,4,3,2,2,2,2,4,3,3,3,3,3,3,3,2,2,3,2,5,5,5,4,3,3,3,4,3,4,4,2,5,5,5,5,2.2,2.75,3.58333333333333
13,3,1,3,1,3,3,3,3,3,3,3,3,3,2,2,2,2,2,1,2,3,3,3,3,4,3,4,4,3,3,2,1,2,2,2,2,4,4,3,3,3,3,3,3,5,4,4,4,2,2,2,1,2,2,2,2,3,3,4,4,3,3,3,3,5,4,2,2,2,2,4,3,2.55,3.58333333333333,2.70833333333333
14,3,1,4,1,3,3,3,3,3,3,3,4,3,3,2,2,2,2,2,1,3,3,3,3,3,4,4,4,2,2,3,2,2,3,2,3,3,3,3,3,3,3,3,3,3,3,3,3,3,3,3,3,2,3,2,3,4,4,4,4,3,3,3,3,5,5,5,5,4,5,5,5,2.65,3,3.70833333333333
15,1,1,3,1,4,3,3,3,3,4,4,3,3,3,3,3,4,4,4,4,1,2,1,2,3,3,3,3,2,2,1,2,2,2,2,2,4,3,4,4,4,4,4,4,3,3,3,3,3,3,3,3,2,3,4,2,4,4,4,4,4,4,4,4,3,3,4,4,2,4,3,4,2.45,3.58333333333333,3.41666666666667
16,1,1,3,1,3,3,3,3,3,3,3,3,3,3,3,3,1,2,2,1,2,2,2,3,3,3,4,3,3,3,3,3,1,2,1,2,2,3,3,3,3,3,3,3,5,5,5,3,3,2,3,3,2,3,3,3,3,3,3,3,3,3,3,2,3,3,3,3,4,4,4,3,2.3,3.41666666666667,3
17,1,1,2,2,3,2,2,2,3,4,4,4,4,3,2,2,2,2,2,1,1,2,1,2,4,4,4,4,4,4,4,4,4,4,4,4,4,4,5,5,3,3,3,3,3,4,3,3,3,3,3,4,3,3,3,2,3,4,3,3,3,3,3,4,4,4,4,4,3,1,3,2,3.05,3.58333333333333,3.125
18,4,1,3,1,2,2,2,2,3,3,3,3,3,3,3,3,1,2,2,2,3,2,1,1,3,4,3,3,2,2,2,2,1,1,1,1,3,2,3,3,2,2,2,3,3,3,3,4,3,3,3,3,4,3,2,3,4,4,4,4,4,4,4,3,5,5,5,4,5,5,5,5,1.95,2.75,3.91666666666667
19,4,1,3,2,2,2,2,2,2,3,3,3,3,2,2,2,2,2,1,2,2,2,2,3,3,4,4,4,3,3,3,3,3,2,3,2,2,3,3,3,3,3,2,2,4,4,4,4,3,3,2,3,3,2,4,2,4,4,4,4,3,3,3,4,4,5,4,5,5,5,4,5,2.65,3.08333333333333,3.66666666666667
20,4,1,4,1,3,2,3,3,5,3,2,3,3,2,2,2,1,2,2,2,1,2,2,2,4,3,3,4,2,2,2,2,2,1,2,2,3,2,3,3,2,2,3,3,3,4,3,3,4,4,4,4,2,3,3,3,4,4,4,4,4,4,4,4,4,4,4,2,5,4,3,2,2.15,2.83333333333333,3.625
21,4,1,4,1,2,2,2,2,3,3,4,3,4,2,2,2,2,1,1,2,2,2,2,3,3,4,3,3,2,2,2,2,3,3,3,3,3,4,3,3,2,4,2,1,5,4,4,4,2,2,2,1,3,2,3,2,4,5,5,5,4,4,4,2,4,4,3,3,5,4,5,5,2.4,3.25,3.45833333333333
22,4,2,3,1,3,3,3,3,3,3,3,3,2,3,3,3,2,2,2,2,4,4,2,4,4,4,4,4,2,2,3,2,2,2,2,2,3,3,3,3,3,3,2,3,4,4,5,5,3,2,3,5,4,3,2,3,4,4,3,4,4,4,4,4,4,4,4,4,3,5,5,5,2.75,3.41666666666667,3.75
23,4,1,3,2,3,2,4,2,3,3,2,3,4,3,3,3,1,2,2,3,5,4,4,5,4,3,3,4,4,4,4,3,3,3,3,3,3,3,3,3,3,3,3,3,5,5,4,4,4,4,4,4,1,2,2,2,3,3,3,3,4,4,3,4,2,2,2,2,4,4,4,5,3.35,3.5,3.125
24,4,1,4,1,3,2,2,2,2,3,3,3,3,2,2,3,1,2,2,2,2,2,3,3,4,4,3,4,2,1,2,2,2,2,3,2,4,4,3,4,3,3,2,2,4,4,4,4,4,4,4,4,1,2,2,1,3,3,4,4,4,4,4,4,5,5,5,5,3,4,2,3,2.4,3.41666666666667,3.5
25,4,2,3,2,3,2,2,2,2,2,3,2,3,3,2,2,2,2,2,2,3,5,4,4,2,4,4,3,3,3,3,3,2,3,3,3,3,4,4,4,3,3,2,3,3,3,4,4,4,4,4,4,2,2,2,2,4,4,4,4,3,3,3,4,3,4,3,4,2,4,3,2,3,3.33333333333333,3.25
26,4,1,3,1,3,3,3,4,3,3,4,4,4,3,3,2,2,2,1,2,1,3,3,2,4,3,3,3,3,3,2,3,3,3,3,3,4,4,3,4,2,3,2,2,4,4,4,3,3,2,2,3,1,2,2,2,3,4,4,4,4,4,4,4,4,5,4,5,2,4,3,4,2.6,3.25,3.29166666666667
27,4,2,3,1,3,3,2,2,2,3,4,3,3,2,3,2,2,2,2,2,4,4,4,3,4,3,4,3,3,2,3,3,2,2,2,3,2,3,2,4,3,3,3,3,4,3,4,4,4,4,4,4,2,2,2,2,4,4,4,4,3,4,3,4,3,4,3,3,2,4,4,3,2.85,3.16666666666667,3.33333333333333
28,4,2,4,1,3,3,2,3,3,3,3,3,3,3,2,3,2,2,1,2,2,2,2,2,3,3,3,3,2,2,2,2,3,3,3,3,4,4,4,4,3,3,3,3,4,3,4,4,4,4,4,5,2,1,2,2,4,4,4,4,5,5,5,4,4,5,5,4,3,5,5,5,2.35,3.58333333333333,3.95833333333333
29,2,1,3,1,3,2,2,4,3,3,3,4,3,3,2,2,1,2,1,2,2,2,2,3,3,3,3,3,4,4,4,4,2,1,2,1,4,3,4,1,2,2,2,2,2,3,3,3,4,4,3,3,2,2,2,2,4,4,3,4,4,4,5,4,3,3,5,3,4,2,1,2,2.45,2.58333333333333,3.20833333333333
30,3,2,3,2,4,3,3,2,3,3,3,2,3,3,2,2,3,3,3,3,2,2,1,2,4,4,4,4,2,2,2,2,2,2,3,2,3,3,3,3,4,4,4,4,3,3,3,3,3,3,3,3,2,2,2,2,3,4,3,4,4,3,3,4,3,5,2,4,3,5,4,5,2.6,3.33333333333333,3.29166666666667
31,2,1,3,1,2,2,2,2,2,2,2,3,3,2,2,2,3,2,3,3,3,3,3,3,3,3,3,3,3,2,3,2,2,2,1,2,3,3,2,3,3,2,3,3,3,3,2,3,2,2,1,1,2,2,1,2,3,4,3,4,3,3,3,3,3,4,3,4,3,4,3,2,2.6,2.75,2.70833333333333
32,2,2,3,2,4,4,4,3,3,4,4,4,4,4,3,2,2,2,2,3,3,3,3,3,4,3,3,3,4,4,4,4,3,3,3,3,3,3,3,3,3,3,3,2,3,3,4,4,3,4,4,5,3,2,3,3,4,4,4,4,4,3,4,4,4,3,3,3,3,4,5,5,3.1,3.08333333333333,3.66666666666667
33,2,2,4,1,3,3,3,3,3,3,2,2,2,2,3,2,2,2,2,2,2,2,2,2,4,4,3,3,2,2,2,2,2,2,1,1,3,3,3,3,3,3,3,3,5,4,4,5,3,3,3,3,2,2,2,2,3,4,4,4,5,5,4,4,4,4,4,4,3,5,5,5,2.2,3.5,3.625
34,2,2,3,1,3,3,3,3,3,3,3,3,3,2,2,2,3,3,3,3,1,1,2,3,3,3,3,3,2,2,3,3,2,2,2,3,3,3,3,3,3,3,3,3,5,4,4,4,2,2,2,1,1,2,2,1,4,5,4,4,3,3,3,5,4,3,4,2,4,4,4,3,2.5,3.41666666666667,3
35,2,1,3,1,3,3,3,3,3,3,2,2,3,4,4,4,2,3,2,2,1,1,2,2,3,4,3,3,3,4,3,3,3,2,3,2,4,4,4,4,4,4,4,4,2,3,3,3,3,3,3,2,1,3,1,1,4,4,4,4,3,3,3,4,3,3,3,3,2,2,2,3,2.55,3.58333333333333,2.79166666666667
36,2,2,4,1,3,3,3,3,3,3,3,3,3,3,3,2,2,3,2,2,3,2,2,2,5,5,5,5,2,2,3,2,3,4,4,4,3,2,1,4,4,3,3,2,5,5,5,5,4,4,4,4,2,1,2,1,4,4,3,5,4,3,3,5,5,5,4,2,3,5,4,4,3.1,3.5,3.54166666666667
37,2,2,3,1,3,3,3,4,3,2,2,2,3,2,2,2,2,3,3,2,2,2,2,3,3,3,3,3,3,3,2,3,2,3,2,2,4,4,4,3,3,3,3,3,2,3,3,3,3,3,3,4,2,2,2,2,4,3,3,3,3,3,3,5,3,3,4,3,3,4,3,3,2.55,3.16666666666667,3.08333333333333
38,1,1,3,2,2,3,3,2,2,2,2,3,3,2,2,2,2,2,2,3,2,2,2,2,3,2,3,4,4,4,4,4,2,2,2,3,4,4,4,4,3,3,2,3,5,3,5,5,3,3,3,5,2,1,2,3,4,4,4,4,4,4,2,4,3,3,5,3,4,4,4,4,2.7,3.75,3.41666666666667
39,1,1,3,1,3,2,3,3,4,3,3,3,3,3,2,4,3,4,4,4,3,2,2,2,3,3,3,3,4,4,4,4,2,3,2,2,3,2,3,3,3,3,2,3,3,4,3,4,3,3,3,3,1,2,1,2,4,4,4,4,4,4,4,4,4,4,4,4,3,3,3,3,3.05,3,3.25
40,3,2,4,2,4,2,4,2,2,2,2,2,3,2,3,2,3,2,2,3,3,3,3,3,4,4,5,4,3,4,4,4,2,2,4,4,3,3,3,3,3,3,2,3,4,4,4,4,4,4,4,5,2,2,2,2,4,4,3,4,3,3,3,5,3,5,5,4,3,3,3,3,3.3,3.25,3.45833333333333
41,1,1,3,2,4,3,4,3,3,3,2,3,3,2,3,2,2,3,2,3,2,2,2,3,4,4,4,4,2,3,2,3,2,3,2,2,4,4,4,4,3,3,3,3,4,3,4,5,3,3,3,3,2,2,3,3,4,4,3,4,3,3,3,3,4,4,5,4,3,3,3,3,2.7,3.66666666666667,3.25
42,1,2,4,2,2,3,3,3,4,2,3,3,3,2,2,2,3,3,3,3,1,3,2,2,3,4,4,3,2,3,2,2,2,3,3,2,3,3,3,3,3,3,2,3,5,3,5,2,3,3,3,3,4,4,4,4,5,3,5,4,3,3,3,4,4,3,4,4,3,4,5,4,2.65,3.16666666666667,3.70833333333333
43,1,2,3,2,3,2,3,4,3,3,3,2,4,3,2,3,3,2,2,2,3,3,3,3,4,4,4,3,2,2,2,2,3,2,2,2,3,3,4,3,3,3,2,2,4,4,4,3,3,3,3,2,3,3,3,3,4,4,4,5,4,4,4,4,4,3,4,4,5,5,5,4,2.65,3.16666666666667,3.75
44,1,1,4,2,3,3,3,3,3,3,4,3,3,2,2,3,2,2,3,2,2,3,2,3,4,3,4,4,3,3,3,3,2,2,3,2,4,4,3,2,2,2,2,3,4,5,3,3,3,4,4,4,1,1,3,3,4,4,3,4,4,4,4,4,4,4,4,4,3,3,3,3,2.75,3.08333333333333,3.41666666666667
45,1,2,3,1,4,2,3,2,3,2,3,4,4,1,2,1,3,2,2,1,1,1,1,3,3,4,3,4,2,2,2,2,2,1,2,2,4,2,4,2,2,3,2,3,3,2,3,2,2,3,3,2,2,3,3,3,4,4,3,4,4,4,4,4,3,3,2,2,5,5,5,5,2.15,2.66666666666667,3.41666666666667
46,1,2,3,1,3,3,4,4,3,3,3,3,4,1,1,1,3,3,3,3,2,2,2,2,3,4,4,4,3,4,4,3,3,4,4,4,4,3,3,3,4,4,4,4,3,3,3,3,3,2,2,4,2,2,3,3,4,4,4,4,3,4,4,4,4,4,4,4,3,4,5,4,3.2,3.41666666666667,3.5
47,1,1,3,3,3,3,4,3,4,4,3,2,4,4,5,4,2,1,2,2,2,2,2,2,3,3,4,3,2,4,2,2,3,3,3,3,3,3,2,3,3,3,3,3,4,4,4,4,3,2,2,1,4,4,4,4,4,4,4,4,4,4,3,4,4,4,3,4,3,4,3,3,2.5,3.25,3.45833333333333
48,4,2,4,2,4,2,2,2,2,3,3,4,4,2,2,2,2,2,2,3,3,3,3,3,3,3,4,3,2,2,2,3,2,3,3,2,3,3,2,3,4,4,4,4,4,4,4,4,5,5,5,5,2,2,2,2,3,4,4,4,4,4,4,2,3,4,3,4,5,5,5,5,2.65,3.58333333333333,3.79166666666667
49,3,1,3,2,4,4,2,4,2,3,3,4,3,2,3,2,2,2,3,3,1,2,3,2,3,3,3,3,4,4,4,4,2,2,2,2,3,4,4,4,3,3,3,3,5,3,5,5,2,2,3,2,2,2,2,2,4,4,3,4,4,4,4,4,4,4,3,2,5,5,5,2,2.7,3.75,3.25
50,1,1,3,1,2,2,2,2,3,2,2,3,3,2,3,2,2,1,1,3,1,1,1,1,3,3,4,3,4,4,4,4,3,3,2,3,3,3,2,3,2,3,3,2,5,5,4,5,3,3,3,2,3,3,3,3,4,3,4,4,4,3,4,4,2,2,3,3,3,4,4,5,2.55,3.33333333333333,3.29166666666667
51,1,2,3,1,4,3,4,2,5,3,3,4,3,3,3,3,2,3,2,3,3,3,3,2,3,2,3,4,3,3,2,3,3,3,2,3,2,2,2,2,5,4,4,5,3,2,3,2,3,2,1,2,2,2,2,2,3,3,3,3,3,3,3,3,5,5,4,3,5,5,5,4,2.75,3,3.16666666666667
52,1,1,3,1,2,3,3,3,4,4,4,3,2,2,2,2,2,2,2,3,1,2,1,2,3,2,3,4,2,2,3,2,2,3,2,3,3,3,3,3,2,5,5,5,2,4,2,3,3,2,3,1,3,2,3,3,3,3,3,3,3,4,4,3,3,3,4,3,4,3,2,2,2.3,3.33333333333333,2.91666666666667
53,1,1,3,2,3,3,3,3,4,3,3,4,3,3,1,1,2,2,2,2,2,2,2,2,2,4,4,4,4,4,4,4,4,4,4,4,3,3,3,3,3,5,4,3,4,3,2,2,2,2,3,3,2,3,3,3,2,2,2,2,4,4,4,4,2,3,2,3,5,4,2,3,3.1,3.16666666666667,2.875
54,3,2,3,1,3,4,4,4,4,3,3,3,2,3,3,4,3,3,3,3,2,1,2,1,3,4,3,2,3,3,3,3,2,3,3,3,3,3,4,4,4,2,4,4,5,4,4,5,3,3,3,3,2,2,2,2,3,3,3,3,3,3,3,3,4,4,3,4,2,3,3,3,2.65,3.83333333333333,2.91666666666667
55,2,1,3,1,2,2,3,2,2,2,2,3,2,2,1,2,2,2,1,2,3,3,3,3,2,3,4,4,2,2,2,2,2,1,2,2,3,3,3,3,3,3,3,1,3,4,3,2,3,2,2,3,2,3,3,2,4,4,4,4,3,4,4,4,3,3,3,3,3,1,4,5,2.35,2.83333333333333,3.16666666666667
56,2,2,2,3,4,4,3,4,4,4,4,4,4,4,4,3,2,3,3,3,3,2,3,2,3,3,3,4,3,3,3,3,2,3,2,3,3,3,3,3,4,4,4,4,2,3,3,3,3,3,3,1,4,4,4,4,4,4,4,4,3,3,3,3,3,3,4,4,5,5,4,3,2.8,3.25,3.54166666666667
57,1,1,3,1,3,4,3,3,1,4,4,4,4,3,1,4,3,2,2,3,2,1,2,2,2,2,4,4,2,3,3,2,2,2,1,1,3,3,3,3,2,2,2,2,2,2,3,3,3,3,3,3,2,3,3,3,3,4,3,3,3,3,3,3,4,3,3,4,4,4,4,4,2.25,2.5,3.25
58,2,2,3,1,3,3,4,3,3,2,3,3,3,3,2,2,3,2,2,3,2,2,2,2,2,4,4,3,3,2,3,2,2,3,3,3,4,4,4,4,2,3,2,3,3,3,4,3,4,4,3,2,3,3,3,3,3,4,4,3,3,3,3,2,4,4,4,4,2,3,4,4,2.6,3.25,3.29166666666667
59,2,2,3,1,3,3,2,4,5,2,3,3,2,3,3,3,2,3,3,2,2,2,2,2,3,2,4,4,3,2,3,2,3,2,3,3,3,3,4,4,2,3,2,3,3,4,4,4,4,4,4,3,2,2,3,2,4,4,4,4,3,3,3,3,5,5,5,2,5,5,4,2,2.6,3.25,3.54166666666667
60,2,2,3,1,2,3,3,3,3,3,3,2,2,3,3,2,1,2,2,2,2,2,1,2,2,2,4,3,2,2,2,4,2,2,2,1,4,3,4,3,3,3,3,3,4,4,3,3,3,3,3,3,2,1,2,2,4,4,4,4,4,4,4,4,4,4,4,4,4,5,3,3,2.1,3.33333333333333,3.41666666666667
61,3,1,3,2,3,4,3,3,2,2,4,4,4,2,2,2,3,3,2,3,2,2,1,2,2,3,4,3,2,4,2,4,2,2,3,2,2,3,2,4,2,2,3,2,3,3,3,2,3,3,3,4,1,3,1,2,4,4,3,4,4,4,4,4,4,3,3,4,3,4,2,4,2.55,2.58333333333333,3.25
62,2,1,4,2,3,3,3,4,3,3,3,1,2,2,3,3,1,1,2,2,1,3,1,2,3,3,3,5,3,3,2,2,4,4,4,4,4,4,4,2,4,4,4,4,3,3,4,3,4,4,4,4,2,2,2,3,4,4,4,4,4,4,4,4,3,3,3,3,3,3,3,3,2.65,3.58333333333333,3.375
63,2,2,3,2,3,4,5,4,2,3,3,4,4,3,3,3,3,3,3,2,3,2,2,2,2,2,4,4,2,2,1,2,2,3,2,2,3,3,4,3,2,4,3,3,3,3,3,3,3,3,3,2,2,2,2,2,3,3,3,3,3,3,3,3,3,3,5,3,4,5,4,4,2.4,3.08333333333333,3.08333333333333
64,3,2,3,1,2,3,3,3,3,1,1,1,1,3,3,3,1,2,2,2,2,3,4,3,3,4,2,3,4,4,4,4,2,2,2,2,2,3,3,3,3,4,3,3,4,3,4,4,3,3,4,4,1,1,3,2,4,4,4,4,4,3,4,4,4,4,4,3,4,4,3,3,2.75,3.25,3.375
65,2,2,3,2,3,2,1,3,2,2,2,2,2,2,2,2,2,2,2,3,3,3,3,3,3,2,3,3,3,3,3,3,2,3,3,2,2,3,2,4,4,5,5,5,4,4,4,3,3,3,3,3,2,2,2,2,4,3,3,4,4,4,4,4,3,4,4,5,4,4,3,5,2.7,3.75,3.41666666666667
66,3,2,3,1,4,3,3,3,3,3,4,2,3,3,3,3,3,2,3,3,2,3,2,3,3,4,4,4,3,4,4,4,2,3,3,2,4,4,3,4,3,3,2,3,5,3,5,5,2,2,1,1,2,2,2,2,3,4,3,3,4,3,3,3,3,4,4,4,2,3,3,3,3.05,3.66666666666667,2.75
67,3,1,3,2,2,4,3,2,3,4,3,3,3,2,3,3,2,2,2,2,2,2,1,2,3,4,4,4,3,2,3,2,2,2,3,2,3,3,3,3,3,4,2,3,3,3,3,3,4,3,3,4,3,3,3,3,4,4,4,3,4,4,4,4,2,1,2,4,1,1,2,5,2.45,3,3.125
68,3,1,4,1,3,4,4,3,4,2,2,2,2,2,3,3,2,2,1,2,2,2,4,2,3,3,4,3,1,2,2,1,3,3,2,2,3,3,3,3,2,2,3,2,3,3,4,4,4,4,4,4,1,1,2,1,4,4,3,3,3,4,5,4,4,4,4,4,1,5,1,1,2.3,2.91666666666667,3.125
69,3,2,3,2,3,4,4,4,3,3,3,3,3,2,3,3,2,2,2,2,2,2,2,2,2,3,3,3,3,3,3,3,1,2,2,2,2,2,3,3,3,3,2,3,3,3,3,3,2,2,2,1,2,2,2,2,4,4,4,4,4,4,4,3,2,2,2,2,3,3,3,3,2.3,2.75,2.75
70,3,1,3,2,4,3,4,5,4,3,2,3,3,4,3,1,2,3,3,3,3,3,3,3,2,3,3,4,3,4,3,3,2,2,2,3,2,2,2,2,2,3,2,2,4,3,2,2,3,2,2,1,1,2,2,1,4,4,4,4,3,3,3,4,2,2,2,2,2,3,3,3,2.85,2.33333333333333,2.58333333333333
71,3,1,4,2,4,4,4,3,5,2,4,3,2,3,3,3,2,1,2,2,3,3,2,3,4,4,4,4,2,4,4,4,3,2,3,2,2,2,2,2,4,4,4,4,4,4,4,4,4,4,4,4,2,1,3,1,4,4,4,4,4,4,4,4,5,5,4,5,5,5,5,5,2.9,3.33333333333333,3.91666666666667
72,3,1,3,1,2,3,3,2,5,3,4,2,3,2,2,3,2,1,2,2,2,1,2,1,2,4,4,3,2,2,2,2,3,2,2,2,4,3,3,4,2,3,3,4,3,3,4,3,2,2,2,1,1,2,2,3,4,4,4,4,4,4,3,4,4,4,4,4,2,3,4,4,2.15,3.25,3.125
73,3,2,3,2,3,3,3,4,3,4,3,2,3,2,2,3,2,2,2,2,2,2,2,2,3,3,4,4,3,3,3,3,2,2,3,2,3,3,3,3,2,4,3,3,5,5,5,5,2,2,2,1,2,1,2,1,4,4,4,4,4,4,3,4,4,4,4,4,4,4,3,4,2.55,3.66666666666667,3.125
74,2,1,3,1,2,3,3,4,5,3,4,4,4,4,4,3,1,1,2,2,2,1,2,2,4,3,4,4,2,2,2,2,2,2,3,2,4,3,4,3,3,4,3,3,2,3,3,3,3,3,3,3,1,2,2,1,4,5,5,3,4,4,4,4,3,3,3,4,4,4,5,5,2.25,3.16666666666667,3.41666666666667
75,3,1,3,2,3,3,3,3,3,3,3,3,4,4,4,4,2,3,3,3,3,3,3,3,4,3,4,4,3,2,3,3,2,3,3,3,4,4,4,3,2,3,2,3,3,3,3,3,3,3,3,3,1,2,2,2,3,3,3,3,3,4,3,3,4,5,4,5,3,2,3,2,3,3.08333333333333,3
76,3,2,3,2,2,3,4,3,2,3,2,3,3,4,3,3,3,3,3,3,2,2,2,2,3,4,4,3,2,3,2,1,2,2,2,2,4,4,4,4,3,3,3,3,3,5,5,5,3,2,2,1,3,3,3,3,5,4,4,4,3,3,3,4,2,2,2,2,5,5,5,5,2.5,3.83333333333333,3.25
77,3,1,4,1,2,4,2,3,3,2,3,3,2,3,3,4,1,2,2,1,3,3,3,3,4,4,3,3,3,3,3,2,3,3,3,3,2,3,2,3,2,2,2,2,4,4,3,3,3,3,3,4,1,2,2,1,4,5,5,4,4,4,4,3,3,3,3,4,5,5,5,4,2.75,2.66666666666667,3.5
78,3,1,3,2,2,3,3,2,5,3,4,4,3,2,2,3,2,2,2,1,1,2,2,1,2,1,3,3,2,2,2,2,2,2,3,2,2,3,2,3,4,4,4,4,3,2,3,3,4,4,4,4,2,1,2,2,4,4,4,4,4,3,3,4,3,2,3,3,3,3,2,2,1.95,3.08333333333333,3.08333333333333
79,3,2,2,2,2,3,3,3,2,4,3,3,4,2,2,3,3,3,3,3,2,1,2,1,3,2,3,4,3,2,3,3,2,3,2,2,3,3,3,3,2,3,2,2,3,4,4,4,2,2,3,3,2,2,3,3,3,3,4,4,3,3,3,4,3,4,3,3,4,4,4,4,2.5,3,3.16666666666667
80,2,2,3,2,2,3,3,3,3,3,4,4,4,2,4,3,2,3,2,2,2,2,3,1,3,3,3,3,4,4,4,4,2,2,3,2,4,4,3,4,4,4,4,4,2,3,3,3,2,2,3,4,3,3,4,2,4,3,3,3,3,3,3,3,3,3,3,3,5,5,4,4,2.7,3.5,3.25
81,3,1,3,2,2,3,2,2,3,3,3,4,4,3,3,3,3,2,2,2,3,3,3,3,3,3,4,2,2,2,2,2,2,2,2,2,2,2,2,3,3,4,3,3,4,4,3,4,4,4,4,3,1,2,2,3,4,3,3,4,3,3,3,3,4,4,4,4,4,5,3,5,2.45,3.08333333333333,3.41666666666667
82,4,1,4,1,2,2,3,2,3,3,3,3,3,2,3,2,2,2,2,2,2,2,2,2,4,4,4,5,2,3,2,2,2,2,2,2,4,3,4,4,4,3,3,3,4,4,4,4,4,4,4,4,3,3,3,2,3,3,3,4,4,4,5,4,4,4,5,4,5,4,5,5,2.5,3.66666666666667,3.875
83,4,2,3,2,2,3,2,3,3,3,4,3,3,2,3,2,1,2,2,3,3,4,3,3,2,4,4,4,2,1,1,2,2,2,2,2,2,2,3,3,3,3,3,3,5,5,4,4,2,2,3,3,3,2,2,2,4,3,4,4,3,4,4,4,3,4,3,4,5,5,3,5,2.45,3.33333333333333,3.375
84,4,2,3,2,4,3,3,3,3,3,3,3,3,2,3,3,2,2,2,2,3,2,1,2,3,3,3,3,4,4,3,3,3,2,2,2,2,2,3,2,3,3,3,3,3,4,3,3,4,4,4,4,3,2,2,2,4,4,3,4,4,4,4,4,4,3,4,4,2,3,2,4,2.55,2.83333333333333,3.41666666666667
85,1,1,4,1,3,3,3,3,3,3,2,2,2,3,3,3,2,2,2,2,2,2,1,2,4,3,4,3,4,4,4,4,2,2,2,3,3,2,2,3,3,3,4,3,5,3,5,5,4,4,4,2,3,2,3,3,4,3,3,4,4,4,4,4,4,4,3,3,3,3,3,4,2.7,3.41666666666667,3.41666666666667
86,2,2,4,1,4,3,4,3,3,3,3,4,3,3,3,3,3,2,2,2,1,1,3,3,4,3,3,3,1,3,3,3,2,2,2,2,2,2,5,3,3,4,3,3,3,3,4,4,3,3,3,3,3,2,2,3,4,3,3,3,3,3,3,3,4,3,4,4,5,5,4,4,2.4,3.25,3.33333333333333
87,2,2,4,2,4,3,4,4,3,3,4,4,3,2,2,2,2,2,2,2,2,2,2,2,4,3,4,3,3,3,2,3,2,3,2,2,3,2,3,3,2,3,3,3,5,5,3,5,2,2,2,3,2,1,2,3,4,4,4,4,4,4,4,4,4,3,4,3,5,5,3,2,2.5,3.33333333333333,3.25
88,2,1,3,1,4,3,3,4,3,4,3,4,3,2,2,2,3,3,3,3,1,2,2,1,4,3,3,4,2,3,3,2,4,4,4,4,2,3,3,3,3,4,2,4,3,3,3,3,3,3,3,4,4,3,3,2,4,4,4,4,4,4,3,3,3,3,3,3,3,2,3,3,2.9,3,3.25
89,4,2,3,2,4,4,3,3,3,2,2,2,2,2,2,2,1,2,2,2,3,3,3,3,3,4,3,4,3,3,2,3,2,2,2,2,4,4,4,4,4,4,4,3,3,3,3,3,2,2,3,3,3,2,4,3,4,3,4,4,4,4,4,4,5,4,4,5,4,5,5,5,2.6,3.58333333333333,3.75
90,2,1,3,2,4,3,3,3,3,4,4,4,3,1,1,1,2,2,3,2,3,3,3,3,3,3,3,3,3,3,3,3,2,2,2,2,3,2,3,3,2,3,2,2,3,3,3,3,2,3,2,3,3,2,2,2,4,4,3,4,3,3,3,4,4,4,3,4,5,5,5,2,2.65,2.66666666666667,3.29166666666667
91,2,1,3,1,4,3,3,3,3,3,4,3,4,4,3,3,4,4,4,3,3,3,1,3,3,3,3,2,2,3,2,3,2,2,3,3,3,3,2,2,3,3,3,3,2,1,3,3,1,2,2,1,3,2,3,3,3,4,4,4,3,3,3,4,3,3,3,4,3,3,3,2,2.8,2.58333333333333,2.875
92,2,2,3,2,4,4,3,4,4,2,2,4,4,3,4,3,3,3,3,3,2,2,3,2,3,4,3,4,2,2,4,2,4,4,4,4,3,3,2,3,3,3,2,3,4,3,4,3,3,3,3,4,3,2,2,4,4,4,4,4,4,4,4,4,4,4,4,4,3,4,5,5,3.05,3,3.70833333333333
93,2,2,2,2,3,4,2,2,4,4,2,4,4,2,2,3,2,2,3,2,3,3,1,3,3,2,3,3,2,3,2,2,2,3,2,3,3,4,4,3,3,4,3,3,5,5,5,5,3,3,3,1,3,2,4,2,4,4,4,4,3,4,4,3,4,3,4,4,3,4,5,4,2.45,3.91666666666667,3.41666666666667
94,1,2,4,2,3,5,5,5,5,4,4,3,4,4,3,4,2,2,3,3,2,3,2,3,3,3,4,3,2,2,2,3,2,3,2,2,3,3,3,3,3,4,3,3,4,4,4,3,3,3,3,2,3,2,3,3,3,3,3,4,3,3,3,3,4,4,5,4,4,4,4,3,2.55,3.33333333333333,3.29166666666667
95,1,2,3,2,3,2,2,3,4,3,3,3,3,3,3,3,3,3,3,3,3,3,3,3,3,3,3,4,2,4,2,3,3,3,3,3,3,3,3,3,3,3,2,3,5,5,5,3,2,3,3,2,3,3,3,3,3,3,3,3,3,3,3,3,4,4,4,3,5,4,3,4,3,3.41666666666667,3.20833333333333
96,1,2,3,2,3,2,3,3,3,5,3,3,3,3,3,4,3,3,3,3,2,3,3,2,3,3,3,2,5,5,2,5,2,2,3,2,3,2,4,2,2,3,3,3,4,5,4,5,3,4,4,4,1,2,2,2,4,4,4,4,3,3,3,4,3,5,4,4,5,5,4,4,2.95,3.33333333333333,3.54166666666667
97,1,1,4,1,4,3,3,3,4,3,3,3,3,3,4,3,2,2,2,2,1,2,3,2,3,3,4,3,3,3,3,2,2,1,2,2,3,2,4,4,4,4,4,3,3,3,3,2,3,2,2,1,1,3,3,3,3,3,3,3,3,4,5,4,4,3,4,4,4,5,5,5,2.35,3.25,3.33333333333333
98,1,1,3,2,3,3,2,4,5,3,2,3,3,3,3,3,2,2,1,1,2,1,1,1,3,2,3,3,2,2,2,2,4,4,4,4,4,3,3,3,2,3,4,3,4,4,4,4,2,2,1,3,2,1,2,2,4,4,4,4,3,3,3,4,4,4,4,4,4,5,4,4,2.3,3.41666666666667,3.20833333333333
99,1,2,4,2,4,3,3,4,3,3,3,2,3,3,3,3,2,2,3,2,1,2,3,2,3,3,3,3,3,3,3,2,2,3,3,3,4,4,3,4,4,3,4,3,4,3,3,3,3,2,2,1,2,2,2,2,3,3,3,3,4,3,3,3,3,3,3,3,4,4,3,3,2.55,3.5,2.79166666666667
100,1,1,3,1,4,2,4,3,4,3,3,3,4,3,3,3,3,2,2,3,2,2,2,1,3,4,3,3,3,3,3,3,2,3,3,3,3,3,4,4,4,3,4,4,3,3,3,3,2,2,3,2,3,3,2,3,3,3,3,3,4,4,4,4,4,4,4,4,3,3,4,3,2.65,3.41666666666667,3.20833333333333
101,1,1,3,1,3,4,3,3,3,3,3,3,4,3,3,3,4,4,4,4,2,2,3,2,3,3,3,4,4,4,5,5,4,4,4,4,2,3,3,2,3,4,3,2,3,3,3,3,3,2,3,3,3,3,3,3,3,4,3,3,4,4,4,3,3,3,3,3,1,1,2,3,3.6,2.83333333333333,2.91666666666667
102,1,1,3,1,3,3,2,3,3,3,4,3,3,3,3,4,3,4,4,4,3,4,1,3,3,2,2,4,5,5,5,5,3,2,2,2,3,3,2,3,4,4,4,3,3,3,4,3,3,3,3,4,4,3,2,4,4,4,4,4,4,4,4,3,2,2,1,3,3,3,3,3,3.3,3.25,3.20833333333333
103,1,2,3,1,3,3,2,3,4,3,3,3,2,2,2,2,2,3,1,2,2,2,2,2,3,3,3,3,4,4,4,4,2,1,2,2,4,3,4,4,4,3,4,4,3,3,3,3,2,2,2,1,2,2,1,1,4,4,4,4,4,4,4,4,3,4,3,3,4,5,4,4,2.55,3.5,3.125
104,1,2,4,1,3,3,4,4,4,3,4,3,3,2,2,3,2,2,2,2,2,2,3,1,5,5,5,5,3,2,3,3,2,2,2,3,4,4,4,4,2,2,3,2,4,4,4,5,2,2,3,3,2,2,1,1,4,5,5,5,4,4,4,2,4,3,5,5,1,3,5,2,2.8,3.5,3.20833333333333
105,1,1,2,1,3,3,4,3,4,3,3,3,4,3,3,3,1,2,2,3,3,2,3,2,3,2,3,2,3,3,3,1,2,3,2,3,5,4,5,5,2,3,3,3,3,4,3,2,3,2,2,1,2,2,2,2,4,3,3,3,4,4,4,2,3,3,3,3,3,3,4,4,2.4,3.5,2.875
106,1,2,3,1,3,4,4,4,3,4,3,4,3,4,3,3,2,2,2,1,1,1,3,1,2,2,3,2,2,3,2,3,2,2,2,2,2,4,4,4,2,3,2,3,3,3,4,2,3,3,2,2,2,3,2,2,3,3,3,3,4,4,4,3,4,3,4,3,4,4,4,4,2,3,3.16666666666667
107,1,2,4,2,4,4,4,3,3,3,4,3,3,3,3,3,3,4,3,3,2,1,2,1,2,2,3,2,2,4,2,1,4,4,4,4,2,2,3,4,3,4,3,3,3,4,4,5,3,3,3,3,3,3,3,2,3,4,4,3,4,4,4,4,3,3,3,4,2,2,2,2,2.65,3.33333333333333,3.08333333333333
108,1,1,3,1,4,3,3,2,3,3,3,4,4,3,3,3,2,2,2,2,3,3,2,3,3,3,3,3,3,3,3,3,1,1,1,1,3,4,3,4,2,3,3,3,4,3,4,4,3,2,2,3,2,3,1,2,4,4,4,4,3,3,3,3,3,3,3,3,5,1,5,5,2.35,3.33333333333333,3.08333333333333
109,1,1,3,3,4,3,3,3,3,2,2,2,3,3,3,3,2,2,2,2,2,3,2,2,3,3,4,3,4,2,2,2,2,3,2,3,2,2,2,3,4,4,4,4,2,3,2,3,3,2,3,5,2,3,4,2,4,3,4,3,3,4,4,4,3,3,3,3,4,4,3,5,2.5,2.91666666666667,3.375
110,1,2,4,1,4,3,3,4,3,2,2,2,4,3,3,3,2,2,2,2,2,1,2,2,3,3,3,3,2,2,2,2,3,3,3,3,2,2,3,3,2,3,3,2,4,4,4,4,3,3,3,4,2,2,1,2,3,4,3,4,4,4,4,4,3,3,3,3,4,4,3,3,2.35,3,3.16666666666667
111,1,1,2,2,3,4,5,4,5,4,4,4,4,4,4,4,3,2,2,2,2,2,2,2,3,3,4,3,3,2,3,3,3,3,3,3,4,4,4,4,4,4,4,4,3,4,2,3,3,3,3,4,1,3,3,2,4,4,4,4,4,4,4,3,4,3,4,5,2,2,2,2,2.65,3.66666666666667,3.20833333333333
112,1,2,2,2,3,4,5,4,5,3,4,4,3,3,3,3,2,2,2,2,2,2,3,2,2,3,3,3,4,5,5,5,2,2,3,2,4,4,4,4,5,2,5,5,4,4,3,3,2,3,3,3,3,2,1,4,3,4,3,4,3,3,3,3,2,2,2,3,3,3,2,2,2.8,3.91666666666667,2.75
113,1,1,3,2,3,3,3,4,3,3,3,3,3,3,3,3,3,3,3,3,3,3,2,2,3,3,4,3,3,1,3,3,2,3,2,2,2,2,4,3,2,3,2,2,3,3,3,2,2,3,2,2,3,3,3,4,3,3,3,3,3,3,3,3,3,3,3,3,5,5,4,2,2.7,2.58333333333333,3.08333333333333
114,1,2,3,3,3,3,3,5,5,3,3,3,3,3,3,3,4,3,4,4,2,1,2,2,3,3,3,3,2,2,3,2,2,2,2,3,2,2,3,3,3,2,2,3,3,3,3,3,3,3,3,4,3,2,3,3,3,3,3,3,3,3,3,3,4,4,3,5,3,4,4,2,2.6,2.66666666666667,3.20833333333333
115,1,1,3,1,4,3,2,2,3,2,2,3,3,3,3,3,3,3,2,3,2,2,3,2,3,2,2,3,3,3,2,3,3,2,2,3,2,2,3,2,2,3,3,3,4,3,3,3,2,3,3,3,3,3,1,3,3,3,3,3,4,4,3,4,4,4,4,4,3,4,4,5,2.55,2.75,3.33333333333333
116,1,2,3,2,3,3,5,5,4,3,3,3,3,3,3,3,2,2,3,3,3,2,2,2,3,4,3,4,2,2,2,2,2,3,2,2,4,4,4,4,2,4,4,4,4,3,3,3,4,4,4,4,2,2,1,2,4,4,3,4,4,4,3,4,3,4,3,4,4,5,4,4,2.5,3.58333333333333,3.5
117,1,2,3,1,3,3,5,3,4,2,2,3,3,2,2,3,3,3,3,3,3,4,2,2,2,2,3,3,3,2,3,2,2,3,2,2,3,3,4,3,2,2,3,3,4,4,3,4,3,3,3,2,3,2,2,2,4,5,4,5,3,3,3,3,3,4,3,4,5,4,5,4,2.6,3.16666666666667,3.41666666666667
118,1,2,3,2,3,5,5,5,3,3,3,3,2,4,2,2,2,2,2,2,2,2,2,2,3,3,3,2,3,5,3,5,2,2,2,2,5,3,5,5,3,3,3,4,3,3,3,3,3,3,3,2,1,3,1,2,4,3,4,4,4,4,4,4,3,3,3,3,4,5,3,5,2.55,3.58333333333333,3.25
119,1,2,3,2,5,5,5,3,3,2,3,3,2,2,2,3,3,3,3,3,2,2,2,3,4,4,3,4,2,2,2,4,2,2,3,2,3,3,3,3,3,4,2,2,3,3,3,3,3,3,3,3,4,4,4,4,3,3,3,3,3,3,3,4,4,4,4,2,2,4,3,4,2.75,2.91666666666667,3.33333333333333
120,1,2,3,1,4,3,3,4,4,2,3,3,4,3,3,3,1,2,2,3,2,2,2,2,3,3,4,3,3,3,3,2,2,2,2,2,3,2,3,3,4,3,2,2,3,3,3,3,2,2,1,2,2,1,1,1,4,3,4,4,3,4,4,3,4,4,4,4,2,4,5,4,2.4,2.83333333333333,3
121,1,2,3,1,2,3,3,4,3,2,2,4,3,3,3,3,2,1,2,1,3,2,2,2,4,4,4,4,2,2,2,2,2,2,3,2,3,3,3,2,4,4,4,4,3,4,4,4,3,3,3,3,1,1,2,1,3,3,2,3,4,4,3,4,3,3,3,3,4,5,2,4,2.4,3.5,2.91666666666667
122,1,1,3,2,4,3,3,5,5,2,2,2,3,2,2,3,3,3,3,2,2,2,3,2,3,3,3,3,2,3,2,1,2,4,4,4,3,3,3,3,3,4,4,4,2,3,3,3,3,2,3,1,4,4,4,4,4,4,4,4,4,4,4,4,3,4,3,3,3,3,4,4,2.7,3.16666666666667,3.5
123,1,2,3,3,3,4,5,4,5,3,3,4,4,4,4,4,1,2,2,3,2,3,2,2,3,2,3,3,2,2,2,4,2,2,2,2,3,3,5,3,4,3,4,4,3,3,4,2,2,3,3,2,2,2,3,3,4,4,4,4,3,3,3,4,4,4,4,4,2,4,2,2,2.3,3.41666666666667,3.125
124,2,1,2,2,3,2,5,4,5,4,4,3,3,2,2,2,2,3,3,3,3,2,3,3,3,3,4,3,4,3,4,3,3,2,2,2,4,3,4,4,2,3,3,3,4,4,3,4,2,2,1,1,4,4,4,3,3,3,3,3,3,3,3,4,4,4,4,3,3,3,3,3,2.9,3.41666666666667,3.04166666666667
125,2,2,4,1,3,3,4,4,5,2,3,3,3,2,2,2,2,2,2,2,2,1,2,2,4,3,4,3,2,3,3,2,2,2,2,2,3,3,3,4,3,2,3,2,3,3,3,3,3,2,2,2,1,2,3,2,3,4,4,3,4,4,4,4,4,3,3,4,4,5,5,5,2.35,2.91666666666667,3.33333333333333
126,2,2,4,2,3,3,4,3,5,4,2,2,3,2,2,2,3,2,2,3,2,1,2,1,3,4,3,3,3,3,3,3,3,2,3,3,3,3,4,4,2,3,2,3,4,4,4,4,3,3,4,4,2,2,3,2,4,4,3,3,4,4,4,4,3,3,3,3,4,5,3,5,2.6,3.33333333333333,3.41666666666667
127,2,1,3,2,4,5,3,3,5,2,5,2,3,5,3,5,2,2,1,2,2,2,3,3,3,2,2,3,4,4,4,4,2,2,2,3,4,3,3,3,2,3,3,3,3,3,4,3,4,4,4,4,3,2,2,2,4,4,4,4,3,3,3,5,3,3,3,3,3,3,3,3,2.6,3.08333333333333,3.29166666666667
128,2,2,4,2,5,4,4,5,4,3,3,3,3,4,4,2,2,1,2,2,4,2,4,4,4,4,4,4,3,3,3,3,4,4,4,4,3,3,3,2,2,2,3,2,4,4,4,4,4,4,4,3,2,2,2,2,4,4,4,4,3,4,4,4,4,3,4,3,5,5,4,3,3.25,3,3.54166666666667
129,2,1,3,2,3,5,5,3,4,3,3,3,3,3,2,3,3,3,3,3,2,2,2,2,3,3,4,3,2,2,3,2,2,3,3,3,3,3,3,2,1,2,2,1,4,3,4,3,2,3,2,3,3,3,3,3,4,3,4,4,4,4,4,4,4,3,3,4,1,4,2,3,2.65,2.58333333333333,3.20833333333333
130,2,2,3,1,5,3,4,3,3,3,3,3,3,3,3,3,2,2,2,3,3,2,2,3,3,4,3,3,3,3,3,3,3,3,2,2,2,2,4,2,2,3,3,3,4,4,3,4,2,2,1,2,2,2,2,3,4,3,4,4,3,3,3,4,3,3,3,3,3,4,4,4,2.7,3,2.95833333333333
131,2,2,3,2,5,5,3,4,5,2,1,3,3,3,3,3,3,3,3,3,2,2,2,2,3,3,3,4,3,3,3,3,2,2,2,2,3,3,3,2,3,2,3,3,3,4,4,4,4,4,4,3,3,3,2,3,4,4,4,4,4,4,4,4,3,3,3,5,2,4,4,4,2.65,3.08333333333333,3.58333333333333
132,2,1,3,1,5,3,3,4,3,2,4,2,2,2,2,2,2,2,1,1,2,2,3,2,4,4,3,4,2,4,4,3,2,2,1,2,3,3,3,3,2,3,2,3,3,5,5,2,4,4,4,4,4,2,4,4,3,4,3,4,4,4,4,4,3,3,3,3,5,4,4,3,2.5,3.08333333333333,3.66666666666667
133,2,2,3,2,3,4,4,3,5,2,4,2,3,3,4,2,3,3,2,4,2,1,3,1,4,3,3,4,3,2,2,2,2,3,2,3,4,3,3,3,3,4,3,3,3,3,4,3,4,3,4,4,2,2,2,1,4,4,3,3,4,4,4,4,3,3,3,3,3,3,3,4,2.6,3.25,3.20833333333333
134,2,1,2,3,3,4,3,3,5,5,4,4,3,3,4,4,2,2,2,3,2,2,2,2,3,3,3,3,5,3,5,5,2,3,2,2,3,2,3,2,3,3,3,2,3,3,3,3,3,2,3,1,4,4,4,4,4,4,4,3,3,3,3,4,4,4,4,4,4,5,5,4,2.8,2.75,3.625
135,2,1,3,1,3,3,3,3,2,4,3,2,2,3,3,3,1,1,1,2,2,1,1,1,3,3,3,3,2,3,2,2,1,2,2,2,3,2,3,2,3,3,3,3,3,3,3,3,2,3,3,2,2,2,2,3,3,3,3,4,4,4,4,4,3,3,3,3,5,5,5,4,1.9,2.83333333333333,3.29166666666667
136,2,1,4,1,3,2,4,4,3,3,4,4,4,3,3,3,2,2,2,2,2,2,3,3,3,3,3,3,3,3,3,3,2,2,2,2,3,3,3,3,3,4,4,3,2,3,3,3,2,2,2,1,1,2,2,2,3,3,3,3,3,3,3,3,4,4,4,4,5,4,4,5,2.5,3.08333333333333,3
137,2,1,3,2,3,3,3,5,3,3,3,3,2,2,2,2,3,2,2,2,3,2,2,3,4,3,3,4,3,3,3,3,2,3,2,3,4,4,4,4,2,4,2,3,4,3,4,3,3,2,1,2,3,3,3,3,3,4,3,3,3,3,3,4,3,3,3,3,2,2,3,2,2.75,3.41666666666667,2.79166666666667
138,2,1,3,2,4,3,4,4,4,3,3,4,4,2,3,3,3,3,2,2,2,2,3,3,4,4,3,4,4,4,2,4,3,3,3,3,2,3,3,2,3,2,2,3,4,3,4,4,4,4,4,3,2,1,2,2,3,4,3,3,3,4,4,4,4,5,4,4,3,3,3,3,3.05,2.91666666666667,3.29166666666667
139,3,2,3,2,3,3,3,3,2,4,4,3,2,3,2,2,1,1,1,2,4,4,3,4,3,3,3,3,3,3,3,3,2,3,3,3,3,2,4,4,2,4,2,2,3,3,3,3,3,3,2,1,3,1,1,1,3,3,4,4,3,3,3,3,3,3,3,3,5,4,5,5,2.75,2.91666666666667,3
140,2,2,3,2,4,4,5,4,3,4,3,3,3,3,3,3,2,2,2,3,1,2,2,2,3,3,3,3,3,3,3,3,2,3,2,2,3,3,3,3,4,3,3,3,4,3,4,3,3,2,3,3,3,3,3,3,3,3,3,3,3,4,4,3,3,3,3,5,4,5,5,5,2.45,3.25,3.41666666666667
141,2,1,3,1,4,3,3,3,3,2,2,3,3,2,2,3,2,2,2,2,1,1,3,1,3,3,3,3,2,2,4,2,2,2,4,4,3,3,3,2,2,3,2,3,3,3,3,3,3,3,3,3,1,2,2,3,3,3,3,3,3,3,3,3,3,3,3,3,4,5,4,5,2.4,2.75,3.08333333333333
142,2,1,4,2,4,3,3,4,5,4,3,3,3,3,3,4,2,2,1,3,2,1,2,2,5,5,5,5,2,2,2,2,1,2,2,2,1,3,3,4,4,3,3,2,3,3,3,3,3,2,2,1,4,4,4,4,5,4,3,4,4,4,3,4,5,4,4,4,5,5,4,5,2.5,2.91666666666667,3.79166666666667
143,2,2,3,1,4,3,3,4,3,2,3,3,3,2,2,3,3,2,3,2,3,2,1,1,4,3,4,3,3,3,3,3,2,2,2,2,4,3,3,3,4,4,4,4,4,4,4,4,4,4,4,4,2,1,2,2,3,3,3,3,4,3,4,3,3,3,3,3,4,4,3,3,2.55,3.75,3.125
144,2,1,4,1,3,4,4,4,3,3,2,3,3,4,3,3,2,2,2,2,1,3,1,3,4,3,4,4,2,2,2,2,4,4,3,4,3,3,3,3,2,4,3,2,4,4,4,5,3,3,3,1,2,2,2,3,3,3,2,3,4,4,4,4,5,3,5,4,4,5,4,3,2.7,3.33333333333333,3.29166666666667
145,2,1,3,2,3,3,4,4,3,3,3,3,3,2,4,3,1,2,2,2,1,1,1,1,5,5,3,3,2,2,1,2,2,2,3,2,3,3,4,3,2,3,3,3,4,4,3,4,2,3,2,2,2,3,2,2,4,4,4,3,3,4,4,3,4,5,4,5,4,4,4,4,2.15,3.25,3.375
146,2,1,3,1,2,2,3,3,3,2,3,3,2,3,2,3,3,2,2,3,1,2,1,1,3,2,2,2,2,2,2,2,3,2,3,3,4,4,4,4,2,4,1,3,4,4,3,4,4,4,3,4,2,2,2,2,4,3,4,4,3,3,4,3,3,3,5,5,2,2,1,2,2.15,3.41666666666667,3.08333333333333
147,2,2,3,2,2,2,3,2,2,2,2,2,2,2,2,2,2,2,2,3,2,2,1,2,4,3,3,4,1,2,2,2,2,2,1,2,2,3,2,3,3,2,2,2,3,3,3,3,3,2,3,1,2,1,2,1,4,4,3,4,4,3,4,4,3,3,3,4,2,3,5,5,2.2,2.58333333333333,3.04166666666667
148,2,1,4,1,3,2,2,2,2,2,2,3,4,3,2,2,1,2,1,2,2,2,2,2,3,3,4,3,2,3,2,2,2,2,2,2,2,3,2,2,2,2,1,2,3,4,4,4,4,4,4,4,3,3,3,3,4,4,4,3,4,4,4,4,4,5,4,4,4,3,4,3,2.2,2.58333333333333,3.75
149,2,2,3,2,3,4,3,3,3,2,3,3,3,3,3,3,3,3,3,3,2,4,4,3,4,3,4,3,2,3,3,2,1,2,2,1,4,3,4,4,3,4,4,3,3,3,4,3,2,2,2,1,2,2,2,2,3,4,3,3,4,4,4,3,3,3,3,4,3,4,3,4,2.75,3.5,2.91666666666667
150,2,1,3,1,3,2,3,2,5,2,3,4,3,3,3,3,3,3,3,3,3,3,3,3,3,3,2,2,4,2,2,2,1,2,2,2,3,3,4,3,4,4,3,3,4,3,3,2,3,3,2,3,2,3,3,2,3,2,3,4,3,3,3,3,3,5,5,3,4,5,4,3,2.55,3.25,3.20833333333333
151,3,1,3,2,3,3,3,5,2,3,3,3,3,3,2,3,1,2,2,2,2,3,3,3,3,3,3,3,2,1,1,2,1,2,2,2,3,4,4,5,2,2,2,2,3,3,3,3,2,2,3,1,2,2,2,2,2,3,3,4,3,4,4,4,4,3,3,4,2,2,5,3,2.15,3,2.875
152,1,1,3,2,2,3,3,3,4,4,4,4,4,4,3,3,1,2,3,3,2,2,1,2,3,3,3,3,3,3,3,3,2,3,4,4,2,2,4,4,2,3,3,1,4,4,4,4,1,3,3,3,2,3,2,2,4,5,4,3,4,4,4,4,4,5,4,4,3,3,4,3,2.65,3.08333333333333,3.375
153,2,1,3,1,2,3,3,3,2,4,3,4,3,4,4,3,2,2,2,1,2,2,2,3,4,4,4,4,2,2,2,2,1,3,3,3,3,3,3,3,3,4,3,3,4,4,4,4,3,3,3,3,2,1,1,2,3,3,3,3,3,3,3,3,4,3,3,3,3,4,3,4,2.5,3.41666666666667,2.875
154,3,2,2,1,3,4,3,3,2,4,3,4,4,3,1,1,4,3,4,4,2,2,1,2,5,3,3,3,2,2,1,2,2,3,2,3,4,2,3,2,2,2,2,3,4,3,4,4,3,3,2,3,3,4,4,2,3,3,3,3,4,4,4,3,4,4,4,3,3,3,3,3,2.65,2.91666666666667,3.25
155,3,2,3,1,4,3,3,3,3,2,3,3,3,2,2,1,2,3,2,2,2,2,3,2,3,4,3,3,2,2,2,2,2,2,2,2,2,4,2,3,2,3,3,4,4,3,3,3,3,2,3,1,1,1,2,3,3,4,4,4,4,4,3,4,5,4,4,5,4,5,4,5,2.35,3,3.41666666666667
156,3,2,3,2,3,3,2,4,2,3,4,4,3,3,2,2,2,1,1,2,1,1,1,1,3,3,3,3,2,2,1,2,2,2,2,1,4,3,4,4,2,5,4,3,4,3,3,3,3,3,3,1,1,3,2,2,4,4,4,4,4,4,4,3,2,2,2,3,3,3,3,3,1.8,3.5,2.91666666666667
157,3,2,3,2,3,2,2,2,4,2,2,2,2,2,3,3,3,3,3,3,2,3,2,2,5,5,5,5,2,3,3,2,2,4,3,3,4,3,3,3,2,2,3,3,3,3,3,3,3,2,3,4,2,3,3,2,3,3,3,3,3,3,3,3,4,5,5,4,5,4,5,4,3.15,2.91666666666667,3.41666666666667
158,3,2,3,2,4,3,2,2,2,2,3,3,2,2,3,2,1,1,1,1,3,1,2,2,3,3,3,3,1,1,2,1,3,3,3,2,3,3,3,4,2,2,2,3,3,4,3,3,3,2,3,2,1,3,3,2,4,4,4,4,3,4,4,4,3,3,3,3,5,5,4,5,2,2.91666666666667,3.375
159,3,2,3,1,3,3,4,2,3,3,3,3,2,3,2,2,3,2,1,2,3,3,2,2,3,4,3,4,1,2,1,3,2,2,1,2,3,3,3,3,4,4,4,4,3,3,3,3,3,3,3,3,2,2,2,2,4,4,3,3,4,4,4,4,4,4,5,4,5,5,4,5,2.3,3.33333333333333,3.58333333333333
160,3,1,3,1,5,4,3,3,3,2,3,3,3,2,3,3,2,2,1,2,1,1,2,1,4,3,4,4,3,2,3,2,2,2,3,2,2,2,4,4,1,3,4,3,3,3,3,3,3,3,3,4,2,3,4,2,4,4,4,4,4,4,4,3,4,5,3,4,4,5,4,3,2.3,2.91666666666667,3.625
161,3,2,3,1,5,3,3,2,3,3,3,3,3,2,3,3,3,2,2,2,2,2,3,2,4,4,4,4,4,3,3,3,2,2,2,2,3,3,3,3,3,4,2,2,3,4,4,3,3,3,3,1,4,4,4,4,4,4,4,4,3,4,4,3,3,3,3,3,3,4,3,3,2.75,3.08333333333333,3.375
162,3,2,3,1,5,3,3,3,3,3,2,2,2,2,2,2,2,2,2,2,3,2,1,3,3,3,3,3,4,4,2,3,2,3,2,1,2,2,3,3,2,3,2,2,4,3,3,3,2,3,2,4,4,2,3,3,4,4,4,4,4,4,4,4,3,4,3,3,5,5,4,5,2.5,2.66666666666667,3.625
163,1,1,2,3,4,3,4,4,3,5,4,3,4,3,3,3,4,4,4,4,2,2,2,2,3,4,3,4,2,2,3,1,2,2,2,1,4,4,3,4,3,3,2,2,4,4,4,3,3,3,3,1,3,3,3,2,4,4,4,4,3,3,3,2,4,4,3,5,5,5,4,4,2.65,3.33333333333333,3.41666666666667
164,1,1,3,2,4,4,3,4,3,5,4,4,3,3,3,4,4,4,3,3,1,3,1,2,3,3,3,3,4,4,3,4,4,4,4,4,3,3,4,3,3,3,2,3,4,3,2,3,3,3,3,5,4,4,4,3,4,4,3,3,3,3,3,4,2,2,2,2,3,3,3,3,3.2,3,3.16666666666667
165,3,2,3,1,5,3,4,3,3,4,3,4,3,3,3,3,3,3,3,3,2,3,2,2,3,3,3,2,3,2,2,2,3,3,3,2,2,2,2,3,3,4,2,3,4,5,3,3,3,3,3,3,2,1,1,1,2,3,4,4,4,3,3,3,4,4,4,4,5,4,4,5,2.6,3,3.20833333333333
166,2,2,2,2,4,5,5,3,4,3,3,3,3,3,3,4,3,3,3,3,2,2,2,2,2,2,2,2,2,2,2,1,2,2,2,2,2,3,4,4,4,4,3,3,3,3,3,3,3,3,3,4,1,1,4,3,3,4,3,4,4,4,4,3,3,3,3,4,5,5,4,5,2.15,3.25,3.45833333333333
167,2,1,3,2,5,3,4,3,5,4,3,4,3,3,2,2,2,2,2,2,2,2,2,2,3,2,3,1,2,1,2,2,2,2,2,2,4,4,4,4,2,3,2,2,4,3,3,3,2,3,2,2,3,3,3,3,3,4,4,4,4,4,4,4,3,3,2,3,4,4,5,4,2,3.16666666666667,3.33333333333333
168,3,1,3,2,3,3,3,3,3,3,3,3,3,2,2,2,2,2,2,2,2,2,2,3,2,2,3,2,4,3,4,4,3,3,3,3,2,4,3,4,3,2,3,4,4,4,3,3,3,3,3,2,2,1,1,1,3,4,3,3,4,4,4,4,4,3,4,4,4,5,4,4,2.65,3.25,3.20833333333333
169,3,2,3,2,4,4,4,5,5,3,4,4,3,2,2,2,2,2,2,2,3,3,2,2,4,4,5,5,2,2,2,3,2,2,2,1,4,2,4,1,4,2,1,2,5,4,4,4,3,2,2,3,4,4,4,4,3,4,4,3,3,4,3,3,2,3,3,3,3,5,4,3,2.6,3.08333333333333,3.29166666666667
170,3,2,3,2,5,4,4,5,5,2,2,2,2,3,2,2,2,2,2,2,2,2,3,2,3,4,3,2,2,2,3,3,2,3,3,3,5,3,3,3,1,3,3,2,4,4,4,4,3,3,3,3,2,2,2,2,3,3,3,3,3,3,4,4,5,4,3,4,4,4,5,3,2.5,3.25,3.25
171,3,2,3,2,4,5,5,5,4,3,3,3,2,2,2,2,2,2,2,2,2,1,2,2,3,3,4,4,3,3,3,1,2,2,2,1,3,3,5,3,4,4,4,2,4,4,4,5,4,4,4,4,2,1,1,1,3,4,3,3,3,3,3,3,3,4,4,4,4,5,4,3,2.3,3.75,3.20833333333333
172,3,1,3,2,4,3,4,4,3,2,3,3,3,3,2,3,2,2,3,3,3,3,3,3,5,3,5,5,2,2,1,2,2,2,2,2,4,4,4,4,1,2,1,2,4,4,5,5,2,3,2,3,4,4,4,4,4,4,3,3,4,4,4,5,4,4,4,4,3,4,5,3,2.75,3.33333333333333,3.66666666666667
173,3,2,3,2,3,2,2,2,3,2,2,3,2,2,2,2,2,2,3,2,3,3,3,3,3,2,3,2,2,2,2,4,2,3,2,2,3,3,3,2,3,4,4,4,4,4,3,3,3,3,4,1,1,2,2,1,3,3,3,3,3,3,3,3,4,4,4,4,5,4,5,4,2.5,3.33333333333333,3.125
174,3,2,3,2,4,3,4,4,3,3,3,3,3,2,3,3,3,2,2,2,1,2,3,2,4,4,4,4,1,3,2,2,2,2,2,3,4,4,4,3,2,3,2,2,5,5,5,5,3,4,4,4,1,2,1,1,4,3,3,3,3,3,3,4,5,3,4,4,3,3,3,3,2.5,3.66666666666667,3.08333333333333
175,2,2,3,3,3,5,4,4,5,2,3,2,3,3,3,2,2,2,2,3,2,2,2,3,3,3,2,3,3,3,3,2,2,2,1,2,2,3,3,3,3,3,2,2,3,3,3,3,2,2,3,2,1,3,2,3,3,3,3,3,4,4,4,4,2,2,2,2,3,3,4,3,2.35,2.75,2.79166666666667
176,2,2,3,3,4,5,4,4,3,2,3,3,3,2,2,3,2,3,2,3,2,2,2,2,3,5,3,3,3,3,2,3,2,2,3,3,3,3,2,4,3,3,2,3,2,3,3,3,2,2,1,4,1,2,3,1,3,4,3,3,3,3,3,3,2,2,2,4,3,5,4,3,2.65,2.83333333333333,2.75
177,3,1,3,2,4,2,4,3,2,3,3,3,3,2,3,4,2,1,1,2,2,2,3,3,3,4,4,4,3,2,2,3,2,3,2,2,2,2,2,3,3,2,2,3,4,4,4,3,2,2,3,1,2,1,1,1,3,3,3,3,4,4,3,4,5,4,4,3,3,4,4,3,2.5,2.83333333333333,2.91666666666667
178,3,2,2,2,3,3,4,4,3,3,1,3,3,2,3,2,4,3,4,4,2,2,2,2,3,2,3,3,3,2,2,2,2,3,3,3,3,3,3,3,3,4,3,3,4,4,2,3,3,3,4,4,2,2,2,3,2,3,3,4,3,3,3,2,3,3,1,5,3,3,3,3,2.7,3.16666666666667,2.91666666666667
179,3,2,3,2,4,4,3,3,4,3,4,3,4,4,3,3,3,2,2,1,2,2,2,2,3,3,3,3,3,3,3,3,3,2,2,1,2,2,2,2,2,3,1,2,5,3,3,3,3,3,3,3,2,2,2,2,4,4,4,4,5,4,5,4,5,4,5,4,5,5,5,3,2.4,2.5,3.75
180,3,2,3,2,5,5,5,5,4,4,3,4,4,4,3,3,2,2,3,3,2,1,2,1,3,4,3,4,2,3,3,3,2,2,1,2,2,4,3,4,3,4,3,2,4,4,3,3,3,4,4,4,2,2,2,2,3,4,3,4,4,4,4,4,4,4,4,3,4,4,5,5,2.4,3.25,3.58333333333333
181,3,2,3,2,4,4,3,3,3,2,3,2,2,2,2,3,1,2,2,2,2,2,3,2,3,3,4,3,2,2,2,2,3,3,3,2,4,4,5,4,4,3,3,3,3,3,5,5,5,5,3,4,4,4,4,4,3,3,3,3,3,3,3,3,5,4,5,3,5,5,4,3,2.4,3.83333333333333,3.79166666666667
182,4,2,3,2,4,4,4,3,4,4,2,3,3,1,2,2,2,4,4,4,4,3,4,4,3,3,4,4,3,3,4,3,2,2,2,1,3,2,2,2,2,3,3,2,4,4,4,4,4,4,4,5,3,3,3,3,4,4,5,4,3,4,4,3,5,4,5,4,3,3,3,3,3.15,2.91666666666667,3.75
183,1,2,3,2,3,5,4,5,3,3,4,2,2,4,3,2,3,3,2,2,2,2,2,2,3,4,4,4,2,2,3,2,2,2,2,2,4,4,4,4,3,3,3,5,4,4,3,3,2,3,2,2,1,1,3,2,3,3,3,4,3,3,3,2,4,4,3,4,2,4,3,3,2.5,3.66666666666667,2.79166666666667
184,1,1,3,2,5,5,3,4,3,2,2,2,3,4,3,2,4,4,4,2,2,2,2,2,3,3,2,2,1,2,3,2,4,4,5,2,4,5,5,5,2,3,3,2,4,4,4,4,3,3,2,3,3,3,3,3,3,3,3,3,4,4,3,4,2,4,3,3,4,4,4,3,2.75,3.75,3.20833333333333
185,1,2,3,2,5,3,5,5,3,2,3,2,4,4,4,3,2,3,3,3,2,2,1,2,3,2,3,3,1,3,3,3,3,3,3,3,3,3,3,2,2,3,3,2,4,3,2,3,1,3,2,3,1,1,2,2,3,3,3,3,4,4,4,4,3,3,3,3,2,3,4,3,2.55,2.75,2.79166666666667
186,4,1,3,2,3,5,4,4,3,2,2,3,2,2,2,1,1,2,2,2,4,3,3,3,4,4,4,4,4,4,2,4,2,1,2,2,3,3,3,4,3,4,3,2,3,3,3,2,4,4,4,5,2,2,2,2,3,4,3,4,4,4,4,4,4,3,4,4,5,4,5,5,2.85,3,3.70833333333333
187,4,2,3,3,3,3,4,5,3,3,3,3,3,3,3,3,1,1,2,2,2,1,1,1,3,2,4,3,2,2,3,2,2,2,2,2,2,2,3,2,3,3,3,3,4,3,3,3,2,2,1,2,1,1,1,1,5,5,5,5,3,4,4,3,2,2,2,3,3,4,4,4,2,2.83333333333333,2.875
188,1,2,3,2,5,4,5,5,4,3,5,4,4,3,3,4,2,1,2,2,1,1,2,2,3,3,4,5,2,5,3,5,3,4,4,2,3,4,4,4,3,3,3,2,4,4,3,4,2,2,3,1,2,2,1,1,3,3,3,3,3,3,3,3,4,2,5,5,4,5,4,3,2.8,3.41666666666667,2.91666666666667
189,4,1,3,2,4,4,3,5,3,3,3,2,3,3,2,3,1,1,2,2,3,3,3,3,5,5,5,5,2,2,2,3,1,4,4,4,2,2,2,2,2,2,2,3,4,4,3,3,2,2,3,2,2,1,1,1,3,3,3,3,4,4,4,4,5,4,5,4,4,5,5,5,3,2.58333333333333,3.29166666666667
190,4,2,3,1,4,3,3,4,4,3,2,3,2,2,3,2,2,2,1,1,1,2,2,2,3,3,1,2,2,3,2,2,2,2,2,2,2,2,3,2,2,2,3,2,4,4,3,3,3,2,2,1,1,2,2,1,3,3,4,4,4,3,3,3,4,4,4,4,3,4,4,5,1.95,2.66666666666667,3.04166666666667
191,4,2,3,1,4,4,2,4,3,2,3,2,1,3,2,3,3,3,3,3,2,2,2,2,4,4,4,4,3,3,3,2,3,2,1,2,3,2,4,3,2,3,2,3,3,5,5,5,3,2,2,1,2,2,3,3,4,5,5,5,3,3,3,4,4,5,5,4,5,4,5,4,2.75,3.33333333333333,3.58333333333333
192,4,2,3,2,3,4,3,4,3,2,2,3,2,3,2,2,2,2,2,3,2,3,3,2,4,4,4,4,3,3,2,3,2,2,2,3,3,3,4,3,2,2,2,2,4,4,4,3,4,4,4,4,2,1,1,1,4,4,4,4,4,4,4,4,5,2,4,2,3,3,3,3,2.75,3,3.25
193,4,2,3,2,4,3,3,4,3,3,2,3,3,3,2,3,2,2,2,1,2,2,2,2,2,3,3,3,2,3,2,3,3,2,3,2,3,3,3,3,3,2,3,2,4,3,3,4,4,4,4,3,1,1,2,3,4,3,4,4,3,4,4,4,4,2,4,2,5,5,4,4,2.3,3,3.41666666666667
194,4,2,3,1,3,3,3,3,3,3,2,3,2,3,3,3,3,3,3,3,2,2,2,2,5,3,5,5,2,2,2,2,3,3,3,3,3,4,3,4,2,2,2,2,4,4,4,4,3,3,3,4,1,3,2,2,5,5,5,5,3,3,4,3,4,4,4,4,5,3,3,3,2.9,3.16666666666667,3.5
195,1,2,3,2,5,4,4,3,4,2,2,2,1,2,3,1,3,3,4,4,2,2,2,1,3,3,4,4,2,4,2,2,3,3,2,1,4,2,3,3,5,4,4,4,5,5,5,5,3,2,1,2,2,2,2,2,4,4,3,4,3,3,3,4,4,4,2,5,4,4,5,4,2.7,4.08333333333333,3.16666666666667
196,3,2,3,2,3,3,2,2,3,2,2,2,2,2,3,3,2,2,1,2,2,3,3,3,2,3,4,3,2,2,2,4,2,2,2,2,3,2,3,4,3,2,3,2,5,5,4,5,3,3,3,3,1,3,1,2,4,4,4,2,4,4,4,5,4,4,4,5,3,3,3,3,2.4,3.41666666666667,3.29166666666667
197,4,2,4,1,4,5,4,4,3,3,3,2,3,2,2,3,2,1,2,2,1,1,1,1,3,3,3,3,4,2,4,2,2,2,1,2,2,2,3,4,3,3,3,2,3,4,4,4,3,3,3,3,3,2,1,2,5,5,4,5,5,4,5,4,5,2,5,5,5,4,5,4,2.1,3.08333333333333,3.83333333333333
198,1,1,3,3,5,3,5,4,4,4,4,3,3,3,3,3,2,2,2,2,1,1,2,2,3,3,3,2,4,4,4,4,2,1,1,2,2,4,4,4,2,2,3,2,4,4,3,4,3,3,3,4,4,4,4,4,2,3,3,3,4,4,4,3,3,3,4,4,5,4,4,5,2.35,3.16666666666667,3.625
199,4,2,4,2,5,3,4,3,3,2,2,3,2,2,3,3,3,2,3,2,4,4,4,4,3,3,3,3,2,2,2,2,2,2,2,2,3,3,4,2,3,3,3,4,4,4,4,4,5,5,5,4,2,2,2,3,4,4,3,4,4,4,4,4,3,3,3,4,4,3,4,5,2.7,3.41666666666667,3.66666666666667
200,2,2,3,2,5,5,5,3,3,4,3,3,3,3,4,3,2,3,2,2,2,2,2,2,3,3,3,3,2,3,2,2,2,2,2,3,3,4,3,4,4,4,4,4,4,5,5,5,2,2,3,2,1,2,2,2,4,4,4,4,3,3,3,4,4,4,3,3,2,4,5,3,2.35,4.08333333333333,3.04166666666667
201,2,1,3,1,5,4,3,3,3,3,3,2,3,1,2,1,1,2,2,2,2,2,2,3,2,3,3,3,3,3,3,2,2,2,2,2,2,3,3,3,1,3,2,3,4,4,3,3,2,3,2,2,3,2,2,3,3,3,3,3,4,4,4,4,4,5,4,4,4,4,5,4,2.3,2.83333333333333,3.375
202,2,2,3,2,4,3,3,3,3,2,3,3,3,2,1,3,2,2,2,2,2,1,2,1,3,3,3,4,2,2,2,2,2,3,3,2,3,3,3,3,4,4,4,5,5,5,5,5,3,3,2,3,3,3,3,3,4,4,4,4,4,3,3,5,4,4,4,4,2,4,3,1,2.25,4.08333333333333,3.33333333333333
203,2,1,4,1,2,2,4,4,2,3,3,2,3,1,4,1,2,2,2,2,3,3,2,2,4,4,4,5,3,3,3,2,2,2,2,2,3,3,3,3,2,2,3,2,3,5,2,3,2,2,3,1,2,2,2,2,3,3,3,4,3,3,3,3,3,3,3,3,2,3,2,3,2.7,2.83333333333333,2.625
204,2,2,2,3,5,5,2,2,3,3,4,4,4,3,4,3,2,2,2,2,2,2,2,2,3,2,2,2,3,4,4,4,2,2,3,3,2,3,4,3,4,4,4,4,3,3,2,2,3,3,2,2,1,2,2,2,3,3,4,4,3,3,3,4,3,3,3,3,2,5,1,1,2.5,3.16666666666667,2.70833333333333
205,2,2,3,2,4,4,4,4,3,4,3,4,4,4,4,3,4,4,4,4,2,2,2,2,3,3,3,3,2,4,4,2,3,2,2,3,3,2,4,3,2,3,3,3,4,4,4,4,3,3,3,4,1,2,3,1,4,3,3,4,4,4,5,5,3,3,3,3,2,2,2,2,2.9,3.25,3
206,2,2,3,1,5,3,4,4,3,3,3,3,2,3,3,4,1,1,1,1,2,2,2,3,4,4,4,4,2,2,2,4,2,2,2,2,3,3,3,3,2,3,2,1,4,4,4,4,3,3,3,3,3,1,3,1,4,4,3,4,3,3,3,3,4,4,4,5,4,5,5,5,2.35,3,3.45833333333333
207,2,1,3,2,4,3,3,3,4,3,3,3,4,3,3,2,4,4,4,4,2,1,2,1,2,2,3,2,3,2,3,3,2,2,2,3,3,5,5,3,2,3,3,3,4,2,3,4,2,2,2,1,1,3,1,3,3,4,2,3,4,4,3,3,3,3,3,3,2,2,2,2,2.55,3.33333333333333,2.54166666666667
208,2,2,3,1,5,3,3,4,5,2,2,3,3,4,3,3,3,2,1,2,1,2,2,1,4,4,4,4,3,3,3,3,4,4,2,2,3,2,3,4,3,3,3,4,5,5,5,3,3,2,3,2,3,3,1,1,3,3,3,3,4,4,4,3,4,3,3,3,4,5,4,5,2.7,3.58333333333333,3.16666666666667
209,1,2,3,1,4,3,3,5,4,3,4,4,4,1,2,1,3,3,3,3,1,1,1,1,4,4,3,4,2,2,2,3,2,3,2,2,3,3,3,3,3,3,2,3,3,3,2,2,2,2,1,2,2,2,3,3,3,3,3,3,3,3,2,3,3,3,4,2,4,3,4,3,2.45,2.75,2.75
210,4,2,3,3,5,5,5,3,2,3,4,4,4,2,2,1,3,2,3,2,1,1,2,3,3,3,3,3,5,5,5,5,2,2,3,2,3,2,3,4,3,3,4,4,4,3,3,3,2,3,2,3,2,2,2,3,4,3,3,3,3,3,5,4,3,3,3,4,2,2,3,3,2.9,3.25,2.91666666666667
211,3,2,3,1,5,5,5,4,3,2,1,1,1,3,2,2,2,3,2,3,2,1,2,1,4,3,4,3,2,3,3,3,2,3,2,3,3,3,3,3,4,4,1,4,2,3,3,3,4,4,4,4,3,1,2,3,4,4,3,3,4,3,3,4,3,3,3,3,3,3,3,3,2.55,3,3.20833333333333
212,4,2,3,2,4,3,4,5,3,3,4,3,3,2,3,3,3,3,3,2,2,2,2,2,3,4,3,3,1,1,2,2,2,3,2,2,3,3,3,3,5,5,5,4,3,3,3,2,3,3,3,2,1,1,1,2,4,5,4,5,4,4,4,4,4,3,4,4,3,3,3,3,2.35,3.5,3.20833333333333
213,1,1,4,3,3,3,3,3,4,3,2,3,1,3,3,3,2,1,1,2,1,2,2,2,3,3,3,3,5,5,5,5,2,3,2,2,2,2,3,2,4,4,4,2,3,3,4,3,3,2,3,3,1,2,3,2,3,3,3,3,4,4,4,4,2,2,2,3,5,5,4,4,2.7,3,3.08333333333333
214,1,2,3,2,5,4,4,4,5,3,4,2,4,4,3,3,2,2,2,2,2,3,2,3,3,3,3,3,2,2,2,2,2,1,3,2,3,3,3,4,2,4,2,2,3,3,2,3,3,3,3,3,3,3,3,3,4,3,4,4,4,4,4,4,2,2,3,3,4,5,4,3,2.3,2.83333333333333,3.375
215,1,2,3,2,5,5,4,4,3,3,3,3,4,3,4,3,4,4,4,4,1,1,2,1,4,4,3,2,2,2,2,3,2,3,2,3,4,4,4,4,3,2,4,2,3,3,3,3,3,3,3,3,2,2,2,1,3,3,5,3,3,3,3,3,4,4,4,3,4,5,4,5,2.65,3.25,3.25
216,1,2,4,2,4,2,4,5,5,2,3,3,3,3,3,3,2,1,1,3,2,2,2,2,3,3,3,3,2,2,2,2,2,2,2,2,3,3,4,3,3,3,3,3,3,3,3,3,2,2,1,1,3,3,3,3,4,4,3,3,4,4,3,3,3,3,3,3,3,3,4,3,2.15,3.08333333333333,2.95833333333333
217,1,2,3,2,4,5,5,3,4,2,3,2,2,1,3,3,3,3,3,3,1,3,3,2,3,3,3,3,1,2,2,1,2,2,2,2,2,3,4,5,3,3,3,3,4,3,2,3,4,4,2,4,2,2,1,1,4,4,4,3,3,3,3,4,3,3,3,3,5,4,5,4,2.35,3.16666666666667,3.25
218,1,1,4,1,5,3,3,3,4,3,3,3,3,2,3,3,3,3,3,3,1,2,3,2,3,3,3,2,3,3,3,2,2,3,4,3,3,4,5,3,2,2,2,2,4,4,4,4,3,3,2,2,2,2,2,2,3,3,2,3,2,2,2,3,3,4,3,4,1,4,4,4,2.7,3.25,2.70833333333333
219,1,1,4,2,3,4,3,4,3,3,4,4,4,3,3,3,2,2,2,1,2,1,2,1,4,3,4,4,2,2,3,3,2,2,2,2,2,2,3,3,3,3,3,2,3,3,3,3,3,3,3,3,2,2,2,2,4,4,4,4,4,4,4,4,4,4,4,4,5,5,4,4,2.3,2.75,3.58333333333333
220,4,2,4,2,4,5,3,3,3,4,4,2,3,3,3,3,2,2,1,2,2,2,2,3,4,3,4,4,2,2,2,2,2,2,2,2,2,3,2,2,1,1,1,1,4,4,4,4,4,4,4,3,2,1,1,1,4,4,4,4,3,3,3,4,5,5,4,5,4,3,3,4,2.35,2.41666666666667,3.41666666666667
221,3,2,3,1,2,2,3,2,2,3,2,2,1,3,3,3,2,2,2,3,1,2,2,2,3,3,3,2,2,3,2,3,3,2,1,2,2,2,2,2,3,3,3,3,2,3,3,2,3,3,2,1,2,3,2,3,4,4,3,4,4,4,4,4,4,4,4,4,2,2,4,4,2.25,2.5,3.25
222,4,1,3,1,3,3,3,3,3,2,3,2,3,3,3,4,2,2,2,2,3,2,2,2,4,4,4,4,3,3,2,2,2,3,2,2,2,3,3,3,3,2,2,2,2,3,3,3,1,2,2,1,1,1,1,1,3,3,3,3,4,5,5,3,5,5,4,4,3,3,3,4,2.6,2.58333333333333,2.91666666666667
223,4,1,4,1,2,2,4,2,2,3,3,3,3,2,3,3,2,2,1,2,3,4,3,3,3,3,3,3,2,2,2,2,2,2,2,2,2,2,2,3,2,3,3,2,3,4,4,4,3,2,3,1,2,2,2,3,3,3,4,4,4,4,4,4,4,4,3,5,4,5,5,4,2.4,2.83333333333333,3.41666666666667
224,4,2,3,1,3,3,3,3,3,3,2,3,3,2,3,3,2,3,3,3,3,3,3,3,3,3,3,3,4,3,4,3,2,3,2,3,2,2,2,4,2,2,3,4,3,3,2,3,3,3,2,2,2,1,2,2,4,3,3,4,4,5,5,4,5,4,4,4,5,5,5,4,2.95,2.66666666666667,3.54166666666667
225,4,1,3,1,2,2,3,2,2,2,3,3,3,3,3,3,1,1,2,2,3,3,3,3,4,4,4,3,1,2,2,2,2,2,1,2,4,2,3,4,2,2,2,2,3,4,4,3,3,3,2,2,1,2,1,2,3,3,3,3,3,3,3,4,3,4,3,3,4,5,5,5,2.35,2.91666666666667,3.04166666666667
226,4,1,3,2,3,3,3,3,2,3,3,3,2,3,3,4,3,4,2,4,3,3,3,3,3,3,3,3,3,3,3,3,1,2,2,3,2,2,3,3,2,3,3,3,4,4,4,3,3,3,3,4,3,3,3,3,4,3,3,4,3,3,3,4,3,3,3,3,5,4,5,4,2.85,3,3.41666666666667
227,4,2,3,2,2,3,3,3,2,2,3,4,2,3,3,3,2,1,2,1,3,4,4,4,4,4,4,4,2,2,2,2,3,2,3,3,3,3,3,3,3,2,3,3,4,3,3,2,3,3,4,3,3,3,3,3,4,4,4,4,5,5,4,3,3,3,3,3,5,3,3,4,2.8,2.91666666666667,3.54166666666667
228,4,2,3,1,3,2,4,2,3,2,3,2,3,3,3,3,4,4,4,4,3,3,3,3,3,3,4,3,3,3,3,2,2,3,2,3,4,4,3,4,3,3,3,2,4,3,3,3,2,2,1,2,1,1,2,1,4,4,4,3,3,5,5,4,3,3,3,3,5,4,4,5,3.1,3.25,3.08333333333333
229,4,2,3,1,4,2,3,3,4,3,3,3,3,3,2,2,3,3,2,3,2,2,2,2,4,4,4,4,2,2,2,2,2,2,2,2,3,3,4,3,2,2,2,2,3,3,4,4,3,3,3,4,2,2,2,2,4,3,5,5,4,4,4,4,4,4,5,4,4,4,4,4,2.55,2.91666666666667,3.625
230,4,1,3,2,3,2,3,3,3,2,4,4,2,3,3,3,2,1,2,1,2,3,2,2,4,4,4,3,3,2,3,2,3,3,3,2,4,4,4,3,4,2,4,4,4,3,3,4,4,4,4,4,2,2,2,2,3,4,3,3,3,3,3,4,3,4,3,4,3,3,5,3,2.55,3.58333333333333,3.25
231,4,1,3,3,2,3,4,3,3,3,2,2,4,4,4,5,1,1,1,2,2,2,2,2,3,3,3,3,1,2,1,1,3,3,2,3,3,3,3,3,3,3,2,2,2,3,3,3,4,3,4,3,4,1,1,3,4,4,3,4,4,3,3,4,4,2,3,3,4,5,4,4,2.05,2.75,3.375
232,4,2,3,1,3,4,3,4,3,3,4,4,2,3,2,3,3,3,3,3,3,3,3,3,3,3,3,3,3,3,3,3,1,1,2,1,2,2,3,2,3,3,4,3,3,4,4,4,3,3,3,3,3,1,1,2,4,4,3,3,3,3,3,3,3,3,3,3,4,3,4,3,2.65,3.08333333333333,2.95833333333333
233,1,1,3,2,3,3,1,4,4,3,4,4,3,5,2,5,3,3,2,2,3,3,3,3,3,3,4,3,2,3,3,3,3,3,3,3,4,4,3,4,2,2,3,2,3,3,3,3,4,4,4,3,4,4,4,4,3,3,3,3,2,2,2,2,3,3,3,4,4,5,4,3,2.9,3,3.33333333333333
234,4,2,4,1,2,1,1,1,1,2,1,1,2,2,2,1,2,3,2,3,3,2,3,3,3,3,3,3,1,1,1,1,2,2,2,2,3,4,4,3,3,2,4,4,4,3,4,4,3,3,4,2,3,2,3,1,3,3,3,3,4,4,4,4,4,4,3,3,5,5,4,3,2.25,3.5,3.33333333333333
235,4,1,3,1,3,3,3,3,4,2,2,2,2,4,4,4,1,2,2,1,3,3,3,3,3,3,3,3,2,2,2,2,2,1,1,2,3,3,3,3,2,2,3,2,3,2,3,3,4,4,4,3,2,1,2,1,3,3,3,3,3,3,3,3,3,3,4,3,5,4,3,4,2.2,2.66666666666667,3.08333333333333
236,4,1,3,3,3,4,3,3,2,2,3,3,3,4,5,4,3,2,4,4,3,3,3,3,3,3,2,3,4,4,4,2,2,2,4,2,4,4,3,3,2,3,3,2,3,4,2,3,3,3,3,3,3,3,3,3,4,4,3,3,2,2,3,3,3,3,3,3,4,3,4,3,3,3,3.08333333333333
237,4,1,3,1,4,3,4,4,2,3,4,3,3,3,3,3,2,2,2,1,2,2,3,3,4,4,4,4,3,2,3,3,2,3,2,2,3,3,3,3,3,3,2,2,4,3,4,3,4,3,4,3,3,3,1,3,4,4,4,3,4,4,4,4,3,4,3,3,3,4,5,5,2.65,3,3.54166666666667
238,1,1,2,3,3,3,3,2,3,3,4,4,4,4,4,4,1,2,2,2,1,1,1,1,3,3,3,3,3,3,3,3,2,2,2,2,2,2,3,3,1,3,3,3,3,3,3,3,2,2,1,2,3,3,4,3,3,3,4,3,2,2,2,2,3,3,3,3,2,3,4,3,2.15,2.66666666666667,2.70833333333333
239,2,1,3,2,3,4,2,3,4,2,3,2,3,3,3,4,2,3,3,2,2,3,2,3,4,4,4,4,3,4,5,5,5,3,3,3,2,2,3,4,3,3,3,3,4,4,4,4,4,4,4,5,4,4,4,4,3,3,3,3,4,4,4,4,3,4,4,4,2,3,4,4,3.35,3.25,3.70833333333333
240,2,2,2,2,2,2,3,3,2,3,4,3,4,2,2,2,3,2,3,3,3,3,3,3,3,3,4,3,3,5,3,2,2,2,4,2,2,3,3,3,4,4,4,4,4,4,3,4,3,3,3,3,2,2,4,2,4,4,4,4,3,3,3,2,3,3,3,3,5,5,5,4,2.95,3.5,3.33333333333333
241,2,1,2,2,2,4,3,3,3,4,5,4,4,3,5,3,2,3,3,2,2,3,3,3,3,3,3,4,4,4,4,4,3,3,4,4,4,4,4,4,3,4,3,3,3,3,3,3,3,2,3,1,3,2,1,3,4,4,3,4,4,3,4,3,4,2,2,5,2,3,3,3,3.2,3.41666666666667,2.95833333333333
242,2,1,3,1,2,2,2,3,2,2,2,3,4,3,3,3,3,2,3,3,1,1,1,2,4,4,4,4,2,1,2,2,3,3,3,3,2,2,2,2,3,4,4,4,4,4,3,3,3,3,3,3,1,2,2,2,3,3,3,3,4,3,3,4,3,3,3,3,4,4,4,3,2.55,3.08333333333333,3
